schema_version,run_id,agent_id,agent_version,request_index,marker_index,marker_name,source_type,is_counted,path,chars,tokens,preview
hibench.benchmark.v1,opencode-1.16.1-hi,opencode,1.16.1,1,1,subagent_1,text_mention,False,messages.0.content,10296,2094,"You are OpenCode, You and the user share the same workspace and collaborate to achieve the user's goals.

You are a deep"
hibench.benchmark.v1,opencode-1.16.1-hi,opencode,1.16.1,1,2,subagent_2,text_mention,False,tools.5.function.description,1465,283,"Load a specialized skill when the task at hand matches one of the skills listed in the system prompt.

Use this tool to "
hibench.benchmark.v1,opencode-1.16.1-hi,opencode,1.16.1,1,3,explore,declaration,True,tools.6.function.description.subagent.0,495,101,- explore: Fast agent specialized for exploring codebases. Use this when you need to quickly find files by patterns (eg.
hibench.benchmark.v1,opencode-1.16.1-hi,opencode,1.16.1,1,4,general,declaration,True,tools.6.function.description.subagent.1,160,28,- general: General-purpose agent for researching complex questions and executing multi-step tasks. Use this agent to exe
hibench.benchmark.v1,opencode-1.16.1-hi,opencode,1.16.1,1,5,subagent_5,text_mention,False,tools.6.function.parameters.properties.task_id.description,187,40,This should only be set if you mean to resume a previous task (you can pass a prior task_id and the task will continue t
hibench.benchmark.v1,opencode-1.16.1-hi,opencode,1.16.1,1,6,subagent_6,text_mention,False,tools.6.function.parameters.required.2,13,3,subagent_type
