schema_version,run_id,agent_id,agent_version,request_index,text_index,category,source,role,path,chars,tokens,preview
hibench.benchmark.v1,codex-0.119.0-hi,codex,0.119.0,1,1,system_prompt,main_instructions,,instructions,12343,2551,"You are Codex, a coding agent based on GPT-5. You and the user share the same workspace and collaborate to achieve the u"
hibench.benchmark.v1,codex-0.119.0-hi,codex,0.119.0,1,2,system_prompt,permissions_instructions,developer,input.0.content.0.text,341,64,"<permissions instructions>
Filesystem sandboxing defines which files can be read or written. `sandbox_mode` is `read-onl"
hibench.benchmark.v1,codex-0.119.0-hi,codex,0.119.0,1,3,system_prompt,skills_instructions,developer,input.0.content.1.text,4500,997,"<skills_instructions>
## Skills
A skill is a set of local instructions to follow that is stored in a `SKILL.md` file. Be"
hibench.benchmark.v1,codex-0.119.0-hi,codex,0.119.0,1,4,environment_context,injected_user_context,user,input.1.content.0.text,163,50,"<environment_context>
  <cwd>/workspace</cwd>
  <shell>bash</shell>
  <current_date>2026-06-13</current_date>
  <timezon"
hibench.benchmark.v1,codex-0.119.0-hi,codex,0.119.0,1,5,user_prompt,user_prompt,user,input.2.content.0.text,2,1,Hi
